"TOPOGRAPHY","ICE_BASE","Dist","model_bed"
21.7173,NA,0,NA
21.7332,NA,60.6763704096342,NA
21.7588,NA,121.279344962184,NA
21.7311,NA,181.806906475894,NA
21.7463,NA,242.263422817824,NA
21.772,NA,302.661961943082,NA
21.7425,NA,363.020422472673,NA
21.7009,NA,423.335751285621,NA
21.8303,NA,483.619366657942,NA
21.6317,NA,543.882232376355,NA
21.7797,NA,604.122322426807,NA
19.9512000000001,NA,664.336830260691,NA
19.6233999999999,NA,724.519875486053,NA
19.2553,NA,784.678264538621,NA
18.8977,NA,844.792366621704,NA
18.6098000000001,NA,904.851925850448,NA
18.4559999999999,NA,964.850059996804,NA
18.4780999999999,NA,1024.7789514919,NA
18.6683,NA,1084.62612008326,-154.734411
19.0170000000001,NA,1144.38868245467,-161.662817428571
19.4948000000001,NA,1204.06947493981,-168.591223857143
19.5382999999999,NA,1263.65711895864,-175.519630285714
19.1029,NA,1323.15934424947,-182.448036714286
18.6798,NA,1382.58889767488,-189.376443142857
18.2038,NA,1441.92554232681,-196.304849571429
17.6679,NA,1501.18177153512,-203.233256
17.096,NA,1560.34780611262,-212.759814875
16.5617999999999,NA,1619.42311592944,-222.28637375
16.1933,NA,1678.38897116224,-231.812932625
16.1238999999999,NA,1737.23044257079,-241.3394915
16.3710000000001,NA,1795.93864653934,-250.866050375
16.9168999999999,NA,1854.50446631224,-260.39260925
17.2647000000001,NA,1912.90543757268,-269.919168125
17.7288,NA,1971.17365530501,-279.445727
17.8873,NA,2029.28195948503,-287.363905857143
18.0432,NA,2087.25415845484,-295.282084714286
18.2078,NA,2145.10583767977,-303.200263571429
18.3537,NA,2202.84849752898,-311.118442428571
18.3608,NA,2260.48422898944,-319.036621285714
18.8876,NA,2318.03812836454,-326.954800142857
19.8238,NA,2375.51480126406,-334.872979
20.4204999999999,NA,2432.93434386795,-339.911820090909
20.5949000000001,NA,2490.3079859303,-344.950661181818
20.7535,NA,2547.64366927134,-349.989502272727
20.6373,NA,2604.98235076782,-355.028343363636
20.5944,NA,2662.3020531418,-360.067184454545
20.6342,NA,2719.63077904782,-365.106025545455
20.3937,NA,2776.97241244164,-370.144866636364
19.9158,NA,2834.31951680825,-375.183707727273
21.8833,NA,2891.68903077018,-380.222548818182
21.7682,NA,2949.08031722673,-385.261389909091
21.8069,NA,3006.54059785627,-390.300231
21.8226,NA,3064.07297245652,-390.914949916667
21.7885,NA,3121.71667311097,-391.529668833333
21.7772,NA,3179.49339183064,-392.14438775
21.765,NA,3237.41097195753,-392.759106666667
21.747,NA,3295.47868064789,-393.373825583333
21.7547,NA,3353.69921461145,-393.9885445
21.7511,NA,3412.05768578189,-394.603263416667
21.7399,NA,3470.56151842316,-395.217982333333
21.7875,NA,3529.21947499119,-395.83270125
21.8078,NA,3588.04626681643,-396.447420166667
21.822,NA,3647.0439976751,-397.062139083333
21.8397,NA,3706.23723020438,-397.676858
21.8352,NA,3765.63172347456,-396.107117181818
21.8293,NA,3825.22355343514,-394.537376363636
21.8158,NA,3885.05430225493,-392.967635545455
21.8086,NA,3945.10717376805,-391.397894727273
21.8106,NA,4005.38078995926,-389.828153909091
21.8129,NA,4065.89352222832,-388.258413090909
21.8209,NA,4126.64151876901,-386.688672272727
21.8235,NA,4187.63493624495,-385.118931454545
21.8181,NA,4248.87294836862,-383.549190636364
21.8194,NA,4310.34826843401,-381.979449818182
21.8098,NA,4372.08224703628,-380.409709
21.8064,NA,4434.0515901657,-382.3049141
21.7941,NA,4496.27465125931,-384.2001192
21.8031,NA,4558.7383162202,-386.0953243
21.8217,NA,4621.42698931922,-387.9905294
21.811,NA,4684.35467832048,-389.8857345
21.8191,NA,4747.50557924979,-391.7809396
21.8306,NA,4810.87403174634,-393.6761447
21.8284,NA,4874.47628723506,-395.5713498
21.8283,NA,4938.30493634439,-397.4665549
21.8174,NA,5002.37018065801,-399.36176
21.8182,NA,5066.68390159719,-400.073301111111
21.8144,NA,5131.24611144517,-400.784842222222
21.8176,NA,5196.07916362007,-401.496383333333
21.8188,NA,5261.16473094403,-402.207924444444
21.805,NA,5326.53094624748,-402.919465555556
21.8184,NA,5392.15682118367,-403.631006666667
21.8254,NA,5458.06158896838,-404.342547777778
21.8296,NA,5524.23073293678,-405.054088888889
21.832,NA,5590.67380671287,-405.76563
21.8298,NA,5657.36038258046,-404.891122888889
21.8456,NA,5724.28663614551,-404.016615777778
21.8365,NA,5791.45784276255,-403.142108666667
21.8353,NA,5858.84293386269,-402.267601555556
21.8512,NA,5926.45857036992,-401.393094444444
21.855,NA,5994.29799309486,-400.518587333333
21.8466,NA,6062.36237794387,-399.644080222222
21.848,NA,6130.63715419467,-398.769573111111
21.8633,NA,6199.12146396063,-397.895066
21.8544,NA,6267.77027596053,-397.254286555556
21.8575,NA,6336.58754193094,-396.613507111111
21.8484,NA,6405.53373294416,-395.972727666667
21.8498,NA,6474.614952284,-395.331948222222
21.8607,NA,6543.81567508479,-394.691168777778
21.8505,NA,6613.14470237272,-394.050389333333
21.8761,NA,6682.58472223896,-393.409609888889
21.8726,NA,6752.11793986113,-392.768830444444
21.874,NA,6821.74244672373,-392.128051
21.8679,NA,6891.42807530098,-393.334340888889
21.8751,NA,6961.13030576341,-394.540630777778
21.8586,NA,7030.84802264842,-395.746920666667
21.8709,NA,7100.5459180611,-396.953210555556
21.8673,NA,7170.22610565857,-398.159500444444
21.879,NA,7239.8948072775,-399.365790333333
21.8781,NA,7309.54236368376,-400.572080222222
21.8743,NA,7379.17231836588,-401.778370111111
21.8608,NA,7448.78994710097,-402.98466
21.8678,NA,7518.40079780202,-402.4487322
21.8897,NA,7587.99474237778,-401.9128044
21.8971,NA,7657.55610816841,-401.3768766
21.9225,NA,7727.09419381137,-400.8409488
21.9189,NA,7796.60689306686,-400.305021
21.9333,NA,7866.08653789439,-399.7690932
21.9158,NA,7935.54553131904,-399.2331654
21.9053,NA,8004.97890589108,-398.6972376
21.9103,NA,8074.38179338187,-398.1613098
21.9314,NA,8143.77140691028,-397.625382
21.935,NA,8213.12227830492,-395.703918555556
21.9594,NA,8282.43687382531,-393.782455111111
21.9535,NA,8351.71714291554,-391.860991666667
21.9671,NA,8420.95364118322,-389.939528222222
21.954,NA,8490.14924433002,-388.018064777778
21.9501,NA,8559.30535163494,-386.096601333333
21.9595,NA,8628.41637365226,-384.175137888889
21.9597,NA,8697.47343628519,-382.253674444444
21.9654,NA,8766.46298855831,-380.332211
21.9396,NA,8835.38716328728,-378.724034333333
21.9472,NA,8904.22534495846,-377.115857666667
21.9405,NA,8972.97362854258,-375.507681
21.9526,NA,9041.62507260218,-373.899504333333
21.9516,NA,9110.17566365005,-372.291327666667
21.9606,NA,9178.62380510396,-370.683151
21.9531,NA,9246.95949757164,-369.074974333333
21.9429,NA,9315.17016769303,-367.466797666667
21.973,NA,9383.26652269183,-365.858621
21.9594,NA,9451.23754555438,-363.5875061
21.9527,NA,9519.06028531954,-361.3163912
21.9567,NA,9586.75948577562,-359.0452763
21.9499,NA,9654.3399516017,-356.7741614
21.9591,NA,9721.81126761741,-354.5030465
21.9748,NA,9789.15575578794,-352.2319316
21.9427,NA,9856.40458685165,-349.9608167
21.951,NA,9923.53345218157,-347.6897018
21.973,NA,9990.54956998844,-345.4185869
21.9839,NA,10057.4523400841,-343.147472
21.9952,NA,10124.2548663773,-339.548706444444
22.0004,NA,10190.9564809512,-335.949940888889
21.9966,NA,10257.5471016366,-332.351175333333
21.9934,NA,10324.0666263519,-328.752409777778
21.9929,NA,10390.4937682782,-325.153644222222
22.0082,NA,10456.8423449882,-321.554878666667
22.0293,NA,10523.0860036315,-317.956113111111
22.04,NA,10589.2376938981,-314.357347555556
22.0513,NA,10655.3164833047,-310.758582
22.0564,NA,10721.3018164086,-307.190399888889
22.0698,NA,10787.2171729164,-303.622217777778
22.0736,NA,10853.0611896045,-300.054035666667
22.0615,NA,10918.8625032963,-296.485853555556
22.0661,NA,10984.6108070645,-292.917671444444
22.0649,NA,11050.3021261004,-289.349489333333
22.0606,NA,11115.931324283,-285.781307222222
22.0732,NA,11181.5119533458,-282.213125111111
22.0591,NA,11247.0342638147,-278.644943
22.0547,NA,11312.5106115918,-275.7975654
22.0667,NA,11377.9516853752,-272.9501878
22.09,NA,11443.3527237664,-270.1028102
22.1158,NA,11508.7144461047,-267.2554326
22.1101,NA,11574.0441703126,-264.408055
22.0962,NA,11639.3323010512,-261.5606774
22.108,NA,11704.5765099035,-258.7132998
22.0998,NA,11769.7946360603,-255.8659222
22.0984,NA,11834.9688562165,-253.0185446
22.0974,NA,11900.1382643521,-250.171167
22.1088,NA,11965.2996535795,-247.706926555556
22.0977,NA,12030.4633077088,-245.242686111111
22.1009,NA,12095.6613644135,-242.778445666667
22.1141,NA,12160.8694721829,-240.314205222222
22.1102,NA,12226.1052357531,-237.849964777778
22.1216,NA,12291.3519289082,-235.385724333333
22.1446,NA,12356.619433248,-232.921483888889
22.1521,NA,12421.9004103993,-230.457243444444
22.1639,NA,12487.1852761767,-227.993003
22.1696,NA,12552.4969333135,-226.809414444444
22.1553,NA,12617.8111133875,-225.625825888889
22.1509,NA,12683.1636535376,-224.442237333333
22.1492,NA,12748.5363940864,-223.258648777778
22.153,NA,12813.9533798475,-222.075060222222
22.1563,NA,12879.3876384581,-220.891471666667
22.1545,NA,12944.8645070525,-219.707883111111
22.1601,NA,13010.3628903695,-218.524294555556
22.1662,NA,13075.8872500891,-217.340706
22.1843,NA,13141.4386543332,-217.439982444444
22.198,NA,13207.0011556923,-217.539258888889
22.2039,NA,13272.5789177045,-217.638535333333
22.2367,NA,13338.1765355052,-217.737811777778
22.4115,NA,13403.7975732121,-217.837088222222
23.0021,NA,13469.4588201729,-217.936364666667
22.4721,NA,13535.1497375488,-218.035641111111
22.1311,NA,13600.8835866951,-218.134917555556
22.5336,NA,13666.6548139906,-218.234194
23.0906,NA,13732.4742960225,-219.4241287
23.0645,NA,13798.3224731933,-220.6140634
22.553,NA,13864.2077947351,-221.8039981
22.4012,NA,13930.1383945035,-222.9939328
22.3309,NA,13996.1124261823,-224.1838675
22.3436,NA,14062.1317134332,-225.3738022
22.325,NA,14128.2005381748,-226.5637369
22.3158,NA,14194.325710891,-227.7536716
22.3223,NA,14260.5043098203,-228.9436063
22.355,NA,14326.7286533288,-230.133541
22.4595,NA,14393.008012915,-232.796439777778
22.3875,NA,14459.343825051,-235.459338555556
22.3667,NA,14525.7222292624,-238.122237333333
24.4141,NA,14592.1692091985,-240.785136111111
22.5328,NA,14658.6785982267,-243.448034888889
22.2965,NA,14725.2476588245,-246.110933666667
22.3502,NA,14791.8788110333,-248.773832444444
22.4123,NA,14858.5640686619,-251.436731222222
22.3777,NA,14925.315209215,-254.09963
22.379,NA,14992.1035847559,-257.580985888889
23.5465,NA,15058.9673588921,-261.062341777778
23.2556,NA,15125.8698254773,-264.543697666667
23.6616,NA,15192.8588941173,-268.025053555556
22.674,NA,15259.9173323065,-271.506409444444
22.4449,NA,15327.084962922,-274.987765333333
22.4402,NA,15394.3412860486,-278.469121222222
22.4469,NA,15461.7187760321,-281.950477111111
22.4889,NA,15529.2105013015,-285.431833
22.6615,NA,15596.8079275575,-288.9534386
22.4972,NA,15664.5022071314,-292.4750442
22.9814,NA,15732.2887980653,-295.9966498
22.5203,NA,15800.1618519913,-299.5182554
22.5163,NA,15868.1079693799,-303.039861
22.7737,NA,15936.1391739674,-306.5614666
23.7682,NA,16004.2279228222,-310.0830722
22.7589,NA,16072.398813381,-313.6046778
22.7606,NA,16140.6506888897,-317.1262834
23.0664,NA,16208.9617285094,-320.647889
23.1474,NA,16277.3306065108,-324.854296555556
26.8038,NA,16345.7693876781,-329.060704111111
24.479,NA,16414.2574460247,-333.267111666667
24.4932,NA,16482.8080840598,-337.473519222222
23.9858,NA,16551.4183473611,-341.679926777778
24.6815,NA,16620.0778104961,-345.886334333333
23.6085,NA,16688.805757734,-350.092741888889
23.8043,NA,16757.5932684647,-354.299149444444
24.7333,NA,16826.4463444434,-358.505557
25.3407,NA,16895.3666448262,-362.156283444444
23.8544,NA,16964.3471972327,-365.807009888889
23.391,NA,17033.3886747371,-369.457736333333
23.8149,NA,17102.5008824198,-373.108462777778
23.9821,NA,17171.6700594922,-376.759189222222
27.4118,NA,17240.8967487535,-380.409915666667
25.6618,NA,17310.1740503361,-384.060642111111
24.7915,NA,17379.5122828306,-387.711368555556
30.3296,NA,17448.8934796149,-391.362095
28.9808,NA,17518.3364395982,-393.7670797
25.8438,NA,17587.8294825409,-396.1720644
25.4007,NA,17657.3762529009,-398.5770491
23.6965,NA,17726.9668132958,-400.9820338
23.9051,NA,17796.6217745566,-403.3870185
23.7547,NA,17866.2897023183,-405.7920032
23.838,NA,17935.996676062,-408.1969879
23.5186,NA,18005.7191854076,-410.6019726
23.4153,NA,18075.4624692692,-413.0069573
24.3115,NA,18145.2164974718,-415.411942
24.4856,NA,18214.9884004555,-417.519915777778
24.4997,NA,18284.7711150935,-419.627889555556
24.4333,NA,18354.5635201533,-421.735863333333
23.9352,NA,18424.363145727,-423.843837111111
23.9613,NA,18494.152174944,-425.951810888889
24.2838,NA,18563.9270889501,-428.059784666667
24.0453,NA,18633.6951762577,-430.167758444444
24.7354,NA,18703.4523938203,-432.275732222222
24.0887,NA,18773.2120171298,-434.383706
24.8926,NA,18842.9496020349,-435.486673333333
25.3338,NA,18912.6979850451,-436.589640666667
25.9471,NA,18982.4296113492,-437.692608
25.8236,NA,19052.1581236054,-438.795575333333
27.1124,NA,19121.8805522493,-439.898542666667
25.4065,NA,19191.5790382342,-441.00151
25.0342,NA,19261.2731590717,-442.104477333333
25.4669,NA,19330.9714330932,-443.207444666667
25.7358,NA,19400.660278367,-444.310412
25.4724,NA,19470.3592734214,-443.747655888889
26.5565,NA,19540.0736497148,-443.184899777778
26.2992,NA,19609.8064739843,-442.622143666667
26.061,NA,19679.5399778851,-442.059387555556
25.8622,NA,19749.2858767164,-441.496631444444
25.2415,NA,19819.0383700242,-440.933875333333
25.8439,NA,19888.7884777727,-440.371119222222
26.0571,NA,19958.5542743432,-439.808363111111
25.7525,NA,20028.3328893546,-439.245607
29.6338,NA,20098.115790148,-437.459376
31.7337,NA,20167.9195330329,-435.673145
34.0191,NA,20237.7339714049,-433.886914
46.7766,NA,20307.582969607,-432.100683
44.731,NA,20377.4665132343,-430.314452
30.8514,NA,20447.3845728608,-428.528221
33.3849,NA,20517.3387166876,-426.74199
31.6184,NA,20587.3381331493,-424.955759
28.2973,NA,20657.3747394168,-423.169528
28.1755,NA,20727.4527456655,-421.383297
27.9044,NA,20797.557729878,-419.285649777778
29.0731,NA,20867.6849874889,-417.188002555556
28.1229,NA,20937.8378860026,-415.090355333333
29.1895,NA,21007.9840672766,-412.992708111111
28.2721,NA,21078.1383851683,-410.895060888889
28.1193,NA,21148.2938469178,-408.797413666667
28.4122,NA,21218.4600638593,-406.699766444444
26.7212,NA,21288.624588751,-404.602119222222
27.6747,NA,21358.7772385475,-402.504472
29.4797,NA,21428.9223923551,-399.860819222222
27.21,NA,21499.0755154777,-397.217166444444
29.0411,NA,21569.2177438999,-394.573513666667
29.4571,NA,21639.3721488275,-391.929860888889
32.3601,NA,21709.5282302851,-389.286208111111
37.2003,NA,21779.690804066,-386.642555333333
40.7301,NA,21849.8749304125,-383.998902555556
51.4272,NA,21920.0606644474,-381.355249777778
53.9728,NA,21990.2555223536,-378.711597
49.7929,NA,22060.4588254687,-375.9524699
38.1355,NA,22130.6670545321,-373.1933428
36.3856,NA,22200.8856816837,-370.4342157
47.0994,NA,22271.1048569308,-367.6750886
50.075,NA,22341.3384089057,-364.9159615
28.326,NA,22411.5898311327,-362.1568344
29.3423,NA,22481.8403085103,-359.3977073
30.5011,NA,22552.1072326267,-356.6385802
29.0116,NA,22622.368581142,-353.8794531
26.7399,NA,22692.6400390958,-351.120326
35.483,NA,22762.8980214235,-348.571050333333
29.3077,NA,22833.1415044367,-346.021774666667
29.0873,NA,22903.3796485849,-343.472499
25.8227,NA,22973.605201752,-340.923223333333
27.1277,NA,23043.8134101114,-338.373947666667
25.6351,NA,23114.0079775065,-335.824672
46.7323,NA,23184.1788094827,-333.275396333333
50.3796,NA,23254.3412236909,-330.726120666667
52.4697,NA,23324.4808549918,-328.176845
42.5438,NA,23394.6088272686,-325.613115222222
26.0455,NA,23464.7167260689,-323.049385444444
26.6569,NA,23534.8168553792,-320.485655666667
28.1099,NA,23604.8889262415,-317.921925888889
28.4402,NA,23674.9372835132,-315.358196111111
27.5622,NA,23744.9653920554,-312.794466333333
26.8195,NA,23814.9694060152,-310.230736555556
28.727,NA,23884.9376115984,-307.667006777778
28.0548,NA,23954.8822023031,-305.103277
31.954,NA,24024.7962692659,-302.1349079
31.0015,NA,24094.6789578065,-299.1665388
31.1217,NA,24164.5243945107,-296.1981697
49.0274,NA,24234.3224892616,-293.2298006
57.938,NA,24304.0798412796,-290.2614315
49.8244,NA,24373.7826415054,-287.2930624
42.7780999999999,NA,24443.4360674256,-284.3246933
37.7481,NA,24513.0291443912,-281.3563242
33.9886,NA,24582.5703604173,-278.3879551
29.0932000000001,NA,24652.0457985899,-275.419586
27.0032,NA,24721.4644091947,-272.586680333333
25.8425999999999,NA,24790.8221283084,-269.753774666667
25.1725,NA,24860.1253723256,-266.920869
24.7929,NA,24929.3565145816,-264.087963333333
24.4053,NA,24998.5270646361,-261.255057666667
24.7505,NA,25067.6279748996,-258.422152
26.4912,NA,25136.6670946802,-255.589246333333
28.362,NA,25205.6245282682,-252.756340666667
32.9595,NA,25274.5273501008,-249.923435
33.1058,NA,25343.3477621981,-249.004962222222
33.8181,NA,25412.097472832,-248.086489444444
31.2088,NA,25480.7948789365,-247.168016666667
31.525,NA,25549.4171853567,-246.249543888889
34.3209,NA,25617.9928672938,-245.331071111111
29.7824,NA,25686.5192714333,-244.412598333333
26.7417,NA,25755.0052080738,-243.494125555556
30.4842,NA,25823.4474978128,-242.575652777778
36.9931,NA,25891.8526679387,-241.65718
31.9094,NA,25960.2232745574,-242.158519
38.2933,NA,26028.5535685888,-242.659858
32.5681,NA,26096.8250984159,-243.161197
63.6503,NA,26165.0653116066,-243.662536
73.7177,NA,26233.2500509531,-244.163875
71.6303,NA,26301.4002682198,-244.665214
83.5031,NA,26369.4940702426,-245.166553
80.306,NA,26437.5500506488,-245.667892
102.2299,NA,26505.5787975285,-246.169231
103.1702,NA,26573.5675875048,-246.67057
110.4918,NA,26641.5384035204,-245.571159875
131.2292,NA,26709.4812281431,-244.47174975
130.0169,NA,26777.4203897492,-243.372339625
135.9319,NA,26845.3435648476,-242.2729295
138.7669,NA,26913.2332545541,-241.173519375
145.7987,NA,26981.0792244801,-240.07410925
151.2792,NA,27048.849115056,-238.974699125
158.3454,NA,27116.4938760212,-237.875289
157.1035,NA,27183.9885412867,-235.743471615385
166.619,NA,27251.3397328927,-233.611654230769
169.4918,NA,27318.523521481,-231.479836846154
172.92,NA,27385.5558565743,-229.348019461538
177.3345,NA,27452.4269410372,-227.216202076923
176.9718,NA,27519.1619785619,-225.084384692308
179.0269,NA,27585.7626862711,-222.952567307692
183.3497,NA,27652.2500890897,-220.820749923077
186.0333,NA,27718.6306594175,-218.688932538462
186.3716,NA,27784.9125923115,-216.557115153846
190.318,NA,27851.0939098871,-214.425297769231
195.7667,NA,27917.1992987653,-212.293480384615
196.8641,NA,27983.2269752325,-210.161663
198.8329,NA,28049.2201196098,-204.099307375
200.1316,NA,28115.1627064706,-198.03695175
200.829,NA,28181.1152714954,-191.974596125
200.4256,NA,28247.0807755707,-185.9122405
198.2442,NA,28313.0870156127,-179.849884875
197.9029,NA,28379.1478631653,-173.78752925
195.4114,NA,28445.2915309336,-167.725173625
192.2824,NA,28511.5081163906,-161.662818
187.1318,NA,28577.8079599227,-156.680830625
182.4961,NA,28644.1773834493,-151.69884325
177.8526,NA,28710.6285314422,-146.716855875
177.5935,NA,28777.1699325618,-141.7348685
175.3346,NA,28843.7887782812,-136.752881125
175.5538,NA,28910.5135813706,-131.77089375
172.1279,NA,28977.3396427086,-126.788906375
169.2009,NA,29044.2771926512,-121.806919
164.7223,NA,29111.3275785223,-118.680670666667
161.5623,NA,29178.4836664797,-115.554422333333
159.5553,NA,29245.7447173095,-112.428174
161.6503,NA,29313.1079519283,-109.301925666667
160.4788,NA,29380.5685573905,-106.175677333333
162.5399,NA,29448.129450972,-103.049429
168.6476,NA,29515.8081979615,-99.9231806666667
174.3863,NA,29583.5816738988,-96.7969323333333
183.8289,NA,29651.4891800641,-93.670684
195.5428,NA,29719.5034300029,-91.2176673333333
205.89,NA,29787.6322687874,-88.7646506666667
214.0849,NA,29855.8834216185,-86.311634
225.9923,NA,29924.2633906651,-83.8586173333333
233.7173,NA,29992.7629246082,-81.4056006666667
243.9763,NA,30061.3932218639,-78.952584
256.4552,NA,30130.1296682183,-76.4995673333333
267.9489,NA,30198.994793051,-74.0465506666667
278.0753,NA,30267.9592890049,-71.593534
288.3413,NA,30337.0219167961,-70.3338237272727
298.584,NA,30406.1828704673,-69.0741134545455
305.3692,NA,30475.4055654913,-67.8144031818182
313.3548,NA,30544.7066539304,-66.5546929090909
320.2241,NA,30614.0537882295,-65.2949826363636
327.6759,NA,30683.4360167665,-64.0352723636364
334.0635,NA,30752.8616325244,-62.7755620909091
342.0057,NA,30822.3251582162,-61.5158518181818
350.6118,NA,30891.8160435731,-60.2561415454545
351.6648,NA,30961.3377011372,-58.9964312727273
357.1174,NA,31030.8662970793,-57.736721
358.5273,NA,31100.3945027671,-51.20395275
354.1224,NA,31169.895840185,-44.6711845
359.2987,NA,31239.3235884936,-38.13841625
356.4539,NA,31308.6677263616,-31.605648
357.0779,NA,31377.9009750084,-25.07287975
356.5837,NA,31447.0152753251,-18.5401115
360.8565,NA,31516.0503506325,-12.00734325
354.6621,NA,31584.9938978057,-5.474575
360.5935,NA,31653.8897336083,1.04387655555556
349.6754,NA,31722.7551409924,7.56232811111111
354.2175,NA,31791.6216400748,14.0807796666667
346.9,NA,31860.4675792282,20.5992312222222
342.7452,NA,31929.33450835,27.1176827777778
335.1083,NA,31998.1975756885,33.6361343333333
331.5934,NA,32067.0709033876,40.1545858888889
326.7637,NA,32135.9355095172,46.6730374444444
321.1754,NA,32204.8091708235,53.191489
313.9339,NA,32273.7027675644,55.901916
312.7327,NA,32342.6111514774,58.612343
309.7205,NA,32411.5516831071,61.32277
306.9662,NA,32480.5316047474,64.033197
309.5476,NA,32549.5268663553,66.743624
329.4227,NA,32618.5498491985,69.454051
307.9987,NA,32687.5846402195,72.164478
307.8534,-167.7766,32756.617219649,74.874905
316.693,NA,32825.6531167629,77.585332
318.5042,NA,32894.6987689231,80.295759
323.1874,-105.2326,32963.7488986506,83.8608968888889
344.5439,-74.0861,33032.8389673606,87.4260347777778
358.8172,NA,33101.9673047446,90.9911726666667
377.463,10.233,33171.1492093573,94.5563105555556
381.3653,22.2653,33240.4099051453,98.1214484444445
402.3615,NA,33309.7189977131,101.686586333333
412.6096,NA,33379.0877069113,105.251724222222
431.6352,84.7252,33448.4936439819,108.816862111111
453.4307,106.1907,33517.9297116763,112.382
471.2245,NA,33587.395578865,116.098111111111
484.3142,140.2442,33656.8928684479,119.814222222222
500.2728,152.4228,33726.4181317108,123.530333333333
507.5452,NA,33795.9936878927,127.246444444444
527.4469,NA,33865.5968299958,130.962555555556
528.92,165.15,33935.2517235134,134.678666666667
528.792,160.142,34004.9039114483,138.394777777778
544.0604,NA,34074.5681396017,142.110888888889
542.808,148.538,34144.231580778,145.827
546.3015,144.4715,34213.8591121852,145.396222222222
557.2077,NA,34283.4707115116,144.965444444444
555.6185,132.9885,34353.0681531846,144.534666666667
563.6002,133.9502,34422.6795455027,144.103888888889
570.541,NA,34492.2594828237,143.673111111111
582.9463,NA,34561.8570746953,143.242333333333
592.0783,138.1683,34631.435966992,142.811555555556
592.1034,130.9834,34701.015656134,142.380777777778
601.3738,135.0538,34770.5649923067,141.95
616.0851,142.1651,34840.0873547009,130.05156
617.6616,137.6616,34909.60265616,118.15312
611.078,126.798,34979.0793091304,106.25468
619.8064,133.0564,35048.5375707588,94.35624
617.7908,125.1308,35117.9605826582,82.4578
616.8529,119.5029,35187.3630841906,70.55936
614.8865,113.0565,35256.7444001463,58.66092
612.8289,88.1589,35326.093735346,46.76248
609.0378,47.1078,35395.4226530785,34.86404
610.6219,21.2019,35464.7193166201,22.9656
614.7589,27.6689,35534.0042695421,31.0098888888889
614.5801,43.1601000000001,35603.2577979975,39.0541777777778
619.0833,56.2133,35672.5062782794,47.0984666666667
625.5785,75.5185,35741.7267273812,55.1427555555556
632.0621,82.7021,35810.9210057101,63.1870444444444
634.8315,84.7815000000001,35880.1145852109,71.2313333333333
641.3164,90.7464,35949.2905725401,79.2756222222222
648.0752,97.1052,36018.4533069176,87.3199111111111
648.0515,94.9315,36087.6212353729,95.3642
652.3031,95.6831,36156.7966117777,93.6003444444444
659.7023,99.2423,36225.9913152048,91.8364888888889
667.0835,99.2434999999999,36295.1917518271,90.0726333333333
667.9412,95.1812,36364.4059793567,88.3087777777778
675.2887,98.5686999999999,36433.616792652,86.5449222222222
674.9099,93.3699,36502.835784321,84.7810666666667
677.733,88.6529999999999,36572.0301413134,83.0172111111111
684.33,89.0600000000001,36641.213848344,81.2533555555556
689.2649,87.6449,36710.3936749675,79.4895
697.4246,78.3646000000001,36779.5576390151,68.11569
702.9339,70.1839,36848.7072606195,56.74188
709.5367,66.0867,36917.832591521,45.36807
714.2453,60.1553,36986.9326413387,33.99426
718.341,46.751,37056.0110775283,22.62045
714.7835,31.1435,37125.0380877947,11.24664
708.1331,18.8431,37194.0084901722,-0.127169999999992
706.4644,1.13439999999991,37262.9230517022,-11.50098
709.5848,-11.9352,37331.7833600562,-22.87479
712.3825,-32.1574999999999,37400.5896232519,-34.2486
717.5612,-43.6588,37469.3371594409,-46.4928666666667
720.6707,-88.1593,37538.0511730352,-58.7371333333333
720.5801,-93.8899,37606.7256417118,-70.9814
720.3181,-99.1919,37675.3750108216,-83.2256666666667
720.0976,-105.7924,37743.9927439282,-95.4699333333333
719.4076,-121.0524,37812.5770187541,-107.7142
719.6583,-134.1817,37881.1111883797,-119.958466666667
720.9434,-142.1166,37949.6001817862,-132.202733333333
722.7501,-145.7099,38018.0358645043,-144.447
723.1456,-143.1044,38086.3975487309,-130.370855555556
724.6902,-122.0198,38154.7023244159,-116.294711111111
726.8621,-89.0079,38222.9597755181,-102.218566666667
729.0163,-60.7037,38291.1534866802,-88.1424222222222
731.861,-41.4690000000001,38359.3269473379,-74.0662777777778
734.3342,-25.7758,38427.4487003382,-59.9901333333333
736.624,-15.1659999999999,38495.5379160384,-45.9139888888889
739.5995,-11.3304999999999,38563.595409923,-31.8378444444445
741.628,-12.362,38631.634591804,-17.7617
742.9346,-19.2153999999999,38699.6405924742,-16.281181
744.0692,-30.3607999999999,38767.6340980953,-14.800662
745.421,-38.269,38835.6165231689,-13.320143
746.524,-58.7859999999999,38903.5824752546,-11.839624
747.1341,-65.3959,38971.5409099601,-10.359105
747.4395,-60.2405,39039.4902607934,-8.878586
746.8434,-51.0666,39107.4406651466,-7.398067
746.602,-32.528,39175.3993068792,-5.917548
746.607,-16.663,39243.3504257887,-4.437029
746.3032,-3.66680000000008,39311.3167605646,-2.95651
746.3364,4.14639999999997,39379.2757169658,0.345402222222222
746.6638,5.52380000000005,39447.2456602876,3.64731444444444
746.8676,5.79759999999999,39515.2061971175,6.94922666666667
747.0057,5.99570000000006,39583.167375037,10.2511388888889
747.6124,5.3424,39651.1140385573,13.5530511111111
748.2722,7.35220000000004,39719.0544016838,16.8549633333333
749.1712,11.6812,39786.996713547,20.1568755555556
750.7743,15.7743,39854.9291022618,23.4587877777778
752.582,23.182,39922.8955177512,26.7607
754.0363,32.2663,39990.8872435154,23.7874283333333
754.7391,37.0491,40058.9316579861,20.8141566666667
756.0992,41.8992,40127.0341713395,17.840885
758.7957,48.0957,40195.1991681053,14.8676133333333
761.6324,49.3123999999999,40263.4266456626,11.8943416666667
764.1093,49.5392999999999,40331.7188452335,8.92107
766.1425,45.9525,40400.0868315156,5.94779833333333
768.2482,18.3382,40468.5136519305,2.97452666666667
770.3447,2.04470000000003,40537.0076052149,0.001255
773.2428,-0.887200000000007,40605.5583713821,0.9554095
777.5864,-2.37360000000001,40674.184485819,1.909564
779.3178,-4.55219999999997,40742.8780116171,2.8637185
781.2803,-7.13969999999995,40811.6522768752,3.817873
784.6641,-7.66590000000008,40880.5186586069,4.7720275
788.1169,-5.96310000000005,40949.4407035914,5.726182
791.3603,-2.79969999999992,41018.4730834957,6.6803365
794.8547,1.3347,41087.5862993302,7.634491
797.3864,5.02639999999997,41156.7813041354,8.5886455
800.6428,9.54279999999994,41226.0685331577,9.5428
804.1629,12.6429000000001,41295.4264476087,6.4733
806.6713,13.0013,41364.8911504896,3.4038
807.9961,11.0360999999999,41434.4417625808,0.334300000000001
808.8864,9.09640000000002,41504.0732631556,-2.7352
809.9793,5.77929999999992,41573.8057436104,-5.8047
812.2005,5.00049999999999,41643.6364714861,-8.8742
815.1336,3.18359999999996,41713.5667509082,-11.9437
817.2397,-5.63030000000003,41783.5933328565,-15.0132
819.076,-15.814,41853.7147972007,-18.0827
820.5593,-23.3007,41923.9284680935,-23.8352444444444
821.7975,-32.1825,41994.2207529602,-29.5877888888889
823.3207,-36.6493,42064.5939907619,-35.3403333333333
824.4613,-41.4987,42135.0326844274,-41.0928777777778
825.5195,-56.4305000000001,42205.5517888723,-46.8454222222222
826.2444,-60.7056,42276.1311853985,-52.5979666666667
827.0173,-64.9227000000001,42346.7650482248,-58.3505111111111
827.9464,-69.7035999999999,42417.4496533022,-64.1030555555555
828.4166,-71.9534,42488.1768928334,-69.8556
828.8379,-68.4921000000001,42558.9532059348,-64.1975777777778
829.5274,-60.7226000000001,42629.7557797169,-58.5395555555556
830.1037,-53.0863000000001,42700.605174983,-52.8815333333333
830.7939,-43.8261,42771.4976282106,-47.2235111111111
831.4189,-33.2211,42842.42400066,-41.5654888888889
831.9531,-29.1669000000001,42913.3923451639,-35.9074666666667
832.2929,-25.8870999999999,42984.4012313482,-30.2494444444444
832.5915,-21.1785,43055.4416083313,-24.5914222222222
832.5515,-18.4385,43126.5199347761,-18.9334
832.2671,-18.9829,43197.6419733076,-28.94506
831.8156,-24.6944,43268.8096491426,-38.95672
831.5605,-35.4395,43340.0218293625,-48.96838
831.5073,-45.0427,43411.2717776267,-58.98004
831.588,-71.8820000000001,43482.560369355,-68.9917
831.6647,-81.1452999999999,43553.8861616641,-79.00336
831.8956,-92.4344000000001,43625.2391155227,-89.01502
832.6716,-108.0084,43696.6014293113,-99.02668
833.9773,-113.4327,43767.9696838195,-109.03834
835.5626,-118.7774,43839.3304541146,-119.05
837.7165,-120.0635,43910.6955770753,-113.973877777778
839.2828,-115.4672,43982.0803292495,-108.897755555556
841.0838,-109.5062,44053.4644808047,-103.821633333333
842.8179,-103.7821,44124.8620848423,-98.7455111111111
843.6655,-99.0645000000001,44196.2788319925,-93.6693888888889
841.8744,-95.2356,44267.68515715,-88.5932666666667
843.2291,-89.6309000000001,44339.1094216126,-83.5171444444445
844.6227,-83.9973,44410.5230885723,-78.4410222222222
846.709,-76.2909999999999,44481.9462747904,-73.3649
848.0191,-70.6109000000001,44553.352229551,-76.8170222222222
849.1983,-64.4317000000001,44624.7707094985,-80.2691444444444
850.6801,-60.7899,44696.1912333806,-83.7212666666667
851.4636,-61.6664000000001,44767.6262598192,-87.1733888888889
850.5198,-67.1902,44839.0806694396,-90.6255111111111
848.7792,-77.8707999999999,44910.5442181688,-94.0776333333333
848.9033,-86.5567000000001,44982.0254610228,-97.5297555555556
848.9016,-94.4084,45053.5124299364,-100.981877777778
854.5887,-99.6613,45124.9844095485,-104.434
853.7052,-105.4948,45196.4641550385,-96.68352
853.2126,-113.3574,45267.9222129609,-88.93304
852.6382,-117.1818,45339.3802632758,-81.18256
854.306,-116.464,45410.8455012492,-73.43208
855.4629,-111.3171,45482.3163537859,-65.6816
857.2123,-104.2377,45553.8016710921,-57.93112
859.2852,-96.9348,45625.304992612,-50.18064
862.5979,-79.9121,45696.8276266466,-42.43016
866.7754,-53.9946,45768.3483652883,-34.67968
871.0832,-32.7768,45839.8886227742,-26.9292
875.826,15.466,45911.4452037839,-16.6912111111111
880.5112,35.5712,45983.0116516974,-6.45322222222223
884.9262,47.0062,46054.6239778499,3.78476666666666
888.9487,54.9787,46126.2855751504,14.0227555555555
892.4703,58.8203,46198.0054314553,24.2607444444444
895.5777,61.0977,46269.8078341252,34.4987333333333
897.9094,64.2894,46341.6740943803,44.7367222222222
899.4089,65.6889,46413.6315502843,54.9747111111111
900.223,65.453,46485.6586506647,65.2127
900.4065,64.8865000000001,46557.7601154444,60.0959
900.1767,67.4067,46629.9302294632,54.9791
899.2675,71.3675000000001,46702.1777371359,49.8623
897.8587,74.2087,46774.473317324,44.7455
896.15,77.87,46846.8309959252,39.6287
894.0689,75.3788999999999,46919.2450412443,34.5119
891.3747,70.2047,46991.6836552714,29.3951
888.4798,53.8298,47064.1612052941,24.2783
885.5444,33.8444,47136.662158934,19.1615
882.6554,13.6554,47209.1906810669,34.02675
880.2505,-31.5295,47281.7419390278,48.892
878.4116,-44.4084,47354.3321504452,63.75725
877.2033,-19.4666999999999,47426.9419150872,78.6225
876.586,-0.903999999999996,47499.5774134346,93.48775
876.7162,18.4062,47572.2480294039,108.353
877.2079,62.7579,47644.9376309402,123.21825
878.3162,91.4562,47717.6595903857,138.0835
880.4886,133.8586,47790.4131702283,152.94875
883.3056,166.9556,47863.2079872977,167.814
887.4333,195.2833,47936.0364776864,176.59
892.6192,213.4892,48008.9015779183,185.366
898.6674,212.7374,48081.8167646913,194.142
904.9642,214.5742,48154.7647761172,202.918
911.5544,221.8644,48227.7557761816,211.694
918.27,225.62,48300.7968041359,220.47
925.0794,226.1594,48373.8870787694,229.246
931.9007,232.6807,48447.0335029597,238.022
938.3849,243.3849,48520.2311305436,246.798
944.4128,253.6228,48593.4763263397,250.340888888889
950.2683,265.9783,48666.7593330378,253.883777777778
955.3399,274.6899,48740.079469821,257.426666666667
959.681,278.751,48813.4124968901,260.969555555556
962.4484,275.8984,48886.7807129535,264.512444444444
964.7955,272.1355,48960.1566256782,268.055333333333
967.6443,266.9343,49033.5705512115,271.598222222222
971.3425,272.1725,49107.0246205377,275.141111111111
975.5785,277.9385,49180.5168245355,278.684
979.4301,279.1101,49254.0638719914,279.972777777778
983.6577,279.6477,49327.6438998681,281.261555555556
988.3872,282.4572,49401.2412708916,282.550333333333
992.9666,282.5966,49474.8263464285,283.839111111111
996.8682,278.8782,49548.3683009861,285.127888888889
1000.7746,277.3946,49621.8485493293,286.416666666667
1004.1836,277.1536,49695.25355972,287.705444444444
1007.136,279.396,49768.5506989666,288.994222222222
1008.3225,285.9525,49841.7565486716,290.283
1009.1124,290.5624,49914.8623991636,268.75878
1010.1823,284.8223,49987.8656043822,247.23456
1009.3146,276.4446,50060.7447247487,225.71034
1007.9188,254.3788,50133.5144865248,204.18612
1006.4547,240.0947,50206.1499381896,182.6619
1003.8853,193.8453,50278.6388027078,161.13768
1001.4691,158.2291,50350.9809112527,139.61346
998.5683,91.2883,50423.1715927798,118.08924
995.6739,73.4439,50495.2213807776,96.56502
992.8372,72.9672,50567.1452437415,75.0408
990.3506,81.5205999999999,50638.9700856458,88.7490444444445
988.2635,92.7835,50710.6920878241,102.457288888889
986.7648,98.5448,50782.3435482197,116.165533333333
985.7979,105.3379,50853.9256079943,129.873777777778
985.471,115.691,50925.4339379808,143.582022222222
985.8862,133.7562,50996.8845940246,157.290266666667
986.7474,173.3374,51068.2572696593,170.998511111111
987.8288,192.3188,51139.5735887597,184.706755555556
989.4208,196.8308,51210.8289018426,198.415
991.3043,199.7343,51282.0409134756,206.313
993.277,202.667,51353.2280555487,214.211
995.3862,207.5962,51424.4013364554,222.109
997.6622,215.3322,51495.5827693417,230.007
999.8453,225.7153,51566.7711591,237.905
1002.0857,239.9357,51637.9662134827,245.803
1004.539,248.509,51709.1707225079,253.701
1007.1684,255.9984,51780.3777134062,261.599
1009.8603,263.4903,51851.5734732084,269.497
1012.4092,270.5692,51922.7718207813,279.2539
1015.1332,283.4832,51993.970055952,289.0108
1017.8883,306.8483,52065.188994214,298.7677
1020.6762,319.4962,52136.4273846035,308.5246
1023.4583,333.2183,52207.6964379795,318.2815
1026.0226,351.5726,52279.0058884333,328.0384
1028.4463,355.2863,52350.3487718291,337.7953
1030.8815,359.0015,52421.7237856202,347.5522
1033.3208,362.9908,52493.1225256061,357.3091
1035.5664,366.5264,52564.5546080316,367.066
1037.8507,370.0907,52635.9992334753,370.176888888889
1040.3818,379.4218,52707.4744671633,373.287777777778
1043.022,386.342,52778.9541607575,376.398666666667
1045.5139,392.0039,52850.4521655412,379.509555555556
1048.0366,394.9366,52921.9616334888,382.620444444444
1050.4343,397.2943,52993.4646148145,385.731333333333
1052.6507,397.8107,53064.9832146917,388.842222222222
1054.9692,397.7492,53136.5105183218,391.953111111111
1057.1473,397.5373,53208.0644960185,395.064
1059.4551,392.0951,53279.6438294625,392.718333333333
1062.0202,392.1602,53351.252832801,390.372666666667
1064.7487,396.4687,53422.9248951717,388.027
1067.4982,407.6982,53494.6574527289,385.681333333333
1070.1478,412.5078,53566.4505207358,383.335666666667
1072.87,409.89,53638.3238624958,380.99
1075.4781,401.2081,53710.2595317089,378.644333333333
1077.8264,390.7064,53782.2620083134,376.298666666667
1079.8903,377.5803,53854.3330627031,373.953
1081.7926,372.7926,53926.4749549403,363.8107
1083.6353,367.2753,53998.6738828255,353.6684
1085.416,344.036,54070.9497436149,343.5261
1087.034,334.294,54143.2945568909,333.3838
1089.2287,313.4687,54215.6984090516,323.2415
1091.1262,318.3362,54288.1760708286,313.0992
1092.8987,320.2187,54360.7085158954,302.9569
1094.4448,310.6048,54433.3004470969,292.8146
1095.9894,301.9394,54505.9383067668,282.6723
1096.8413,273.7613,54578.6310934261,272.53
1098.3436,253.4436,54651.3828244941,268.895555555556
1099.6696,245.8696,54724.1855448136,265.261111111111
1100.41,243.54,54797.0611494766,261.626666666667
1100.7498,244.7798,54869.9834420534,257.992222222222
1101.148,245.908,54942.9532859381,254.357777777778
1100.9946,247.4546,55015.9506131137,250.723333333333
1100.8762,248.1062,55088.9403639731,247.088888888889
1100.6899,247.3499,55161.9155886366,243.454444444444
1099.7482,242.0682,55234.8469462047,239.82
1098.6954,235.8854,55307.7045737158,233.593444444444
1097.931,220.101,55380.4850287965,227.366888888889
1097.0406,208.5906,55453.2106803111,221.140333333333
1096.3836,203.3736,55525.854899327,214.913777777778
1096.5354,199.7354,55598.4506252504,208.687222222222
1097.6824,196.3424,55670.9885710376,202.460666666667
1099.7906,183.9706,55743.4861436513,196.234111111111
1102.8335,182.8535,55815.9667238689,190.007555555556
1106.333,182.343,55888.4181687506,183.781
1110.1598,184.4998,55960.8458675354,184.404
1114.192,186.692,56033.248893937,185.027
1118.2183,189.4983,56105.6303505207,185.65
1122.0297,193.2697,56177.981536189,186.273
1125.4999,193.9199,56250.3024852306,186.896
1128.5714,191.4614,56322.5924897097,187.519
1131.3122,184.7422,56394.8476490507,188.142
1133.6858,177.6058,56467.0544631627,188.765
1135.801,185.411,56539.2166390135,189.388
1137.2823,189.5123,56611.3370895141,176.68393
1138.4202,191.9602,56683.4021313911,163.97986
1139.2434,191.1534,56755.4230732112,151.27579
1139.5044,183.1944,56827.4029993512,138.57172
1139.4513,173.3713,56899.3416216495,125.86765
1139.3182,163.8382,56971.2550471824,113.16358
1138.9984,137.2584,57043.1376264351,100.45951
1138.9353,120.4153,57115.005086241,87.75544
1139.0536,103.5836,57186.8736359521,75.05137
1139.2493,66.3592999999998,57258.7285533359,62.3473
1139.7586,51.6486,57330.5654072511,52.0506
1140.4085,33.2184999999999,57402.4039118438,41.7539
1141.4951,26.0851,57474.2277096277,31.4572
1143.1815,23.3715,57546.0537867608,21.1605
1145.0194,17.6193999999998,57617.891163678,10.8638
1147.016,11.056,57689.7521179266,0.567100000000003
1149.1332,1.45319999999992,57761.6432475681,-9.7296
1151.1584,-14.6016,57833.5547302248,-20.0263
1153.3631,-24.6169,57905.5054456427,-30.323
1155.3925,-34.5275000000001,57977.4755346615,-42.658
1157.3709,-50.4491,58049.4853386275,-54.993
1159.387,-61.5630000000001,58121.5091937997,-67.328
1160.8696,-81.5504000000001,58193.5681055967,-79.663
1162.3478,-94.3822,58265.6660252584,-91.998
1163.6017,-104.0183,58337.7953516374,-104.333
1164.7582,-114.0818,58409.9679856792,-116.668
1165.9048,-120.4052,58482.1893720781,-129.003
1166.6514,-133.7086,58554.4402211527,-141.338
1167.3398,-142.3902,58626.7252085133,-159.3343
1167.5244,-151.5756,58699.0123497536,-177.3306
1167.6827,-166.9573,58771.3186143775,-195.3269
1167.6469,-177.3531,58843.6260068654,-213.3232
1167.3552,-190.9848,58915.9148196577,-231.3195
1166.744,-216.076,58988.2238959662,-249.3158
1165.7372,-239.2028,59060.5453614301,-267.3121
1164.7563,-273.3837,59132.8839738952,-285.3084
1163.9643,-296.3057,59205.2728778507,-303.3047
1162.76,-316.08,59277.7106921489,-321.301
1161.8919,-344.7981,59350.199784033,-349.787555555556
1161.0031,-372.6769,59422.7551564212,-378.274111111111
1160.4828,-414.0072,59495.3733170864,-406.760666666667
1160.1452,-440.5248,59568.055064057,-435.247222222222
1160.3744,-465.0456,59640.7907135629,-463.733777777778
1160.8208,-501.7092,59713.5754086732,-492.220333333333
1161.4502,-525.8298,59786.414127984,-520.706888888889
1162.3817,-552.2783,59859.2961523721,-549.193444444444
1163.6871,-569.2829,59932.2255137029,-577.68
1164.7286,-586.6014,60005.1902924378,-591.874333333333
1165.4598,-614.3702,60078.208352089,-606.068666666667
1165.7454,-633.3946,60151.2639626192,-620.263
1165.5642,-652.9458,60224.3595910959,-634.457333333333
1165.0099,-663.2101,60297.4984816692,-648.651666666667
1164.0269,-673.9031,60370.6833278118,-662.846
1162.8335,-686.8465,60443.8985098137,-677.040333333333
1161.4482,-692.9418,60517.1650710657,-691.234666666667
1160.0492,-700.8308,60590.4634088052,-705.429
1158.5326,-706.6674,60663.7969458927,-683.2883
1157.0195,-708.6805,60737.1818449091,-661.1476
1155.7374,-710.7026,60810.5975606029,-639.0069
1154.9572,-711.9728,60884.0643805207,-616.8662
1154.5946,-705.8454,60957.5718329283,-594.7255
1154.1976,-695.0024,61031.1246849728,-572.5848
1153.6789,-668.2611,61104.7157924773,-550.4441
1153.3815,-615.4885,61178.3491850027,-528.3034
1152.447,-586.423,61252.0309114907,-506.1627
1152.2596,-486.2404,61325.7645537223,-484.022
1152.9475,-461.8425,61399.5399756619,-463.535666666667
1153.3405,-427.0395,61473.3721492282,-443.049333333333
1153.6614,-405.9086,61547.2448964564,-422.563
1153.9216,-374.4284,61621.1658440992,-402.076666666667
1154.1105,-358.6195,61695.1251616912,-381.590333333333
1154.1551,-348.1249,61769.129625988,-361.104
1154.4357,-332.3043,61843.1876686371,-340.617666666667
1155.066,-321.314,61917.2846403755,-320.131333333333
1155.8194,-304.0906,61991.4462773467,-299.645
1156.6639,-292.8061,62065.6407177127,-301.996666666667
1157.5471,-280.6029,62139.9007477778,-304.348333333333
1158.5639,-276.7461,62214.2050580347,-306.7
1159.6758,-273.6842,62288.5569428967,-309.051666666667
1160.8708,-274.2692,62362.959352119,-311.403333333333
1162.1005,-281.6095,62437.4107094276,-313.755
1163.3503,-298.6497,62511.9133632559,-316.106666666667
1164.5561,-304.6239,62586.4733177893,-318.458333333333
1165.6995,-316.2005,62661.0903448067,-320.81
1166.7664,-322.8136,62735.7790905104,-312.308444444444
1167.7599,-330.0601,62810.5201733599,-303.806888888889
1168.7046,-331.8254,62885.3123436341,-295.305333333333
1169.5011,-327.2689,62960.1423743216,-286.803777777778
1170.2271,-317.6329,63035.0022744262,-278.302222222222
1171.0179,-297.7821,63109.882265611,-269.800666666667
1171.468,-265.042,63184.775939751,-261.299111111111
1171.7057,-247.8243,63259.6850492793,-252.797555555556
1171.8825,-248.4275,63334.5970216683,-244.296
1172.2444,-244.2956,63409.5245634457,NA
